x_pixel,y_pixel,y_normalized
14,769.74,0.266918
15,903.98,0.139064
23,903.72,0.139317
24,903.98,0.139064
25,907.65,0.135567
26,944.63,0.100356
27,944.63,0.100356
28,944.63,0.100356
29,944.78,0.100209
30,944.78,0.100209
31,944.78,0.100209
32,944.98,0.100023
34,945.00,0.100000
35,944.98,0.100023
36,838.33,0.201593
37,838.27,0.201644
38,763.58,0.272779
39,763.58,0.272779
40,763.58,0.272779
41,763.58,0.272779
43,909.58,0.133735
44,910.08,0.133256
45,910.57,0.132787
46,910.57,0.132787
47,910.57,0.132787
48,910.57,0.132787
51,770.19,0.266488
52,767.79,0.268774
54,766.21,0.270280
55,763.34,0.273006
56,760.98,0.275255
57,754.37,0.281555
58,748.41,0.287232
59,748.41,0.287232
60,748.41,0.287232
61,748.41,0.287232
62,875.84,0.165867
63,876.44,0.165295
64,876.51,0.165226
65,876.52,0.165222
66,877.77,0.164025
67,879.75,0.162145
68,880.16,0.161753
69,880.41,0.161514
70,880.41,0.161514
71,880.41,0.161514
72,880.41,0.161514
73,879.30,0.162571
74,878.53,0.163303
75,870.19,0.171250
76,868.66,0.172704
77,868.66,0.172704
78,868.66,0.172704
79,868.66,0.172704
80,869.72,0.171691
81,872.21,0.169322
82,872.41,0.169131
83,872.41,0.169131
84,872.41,0.169131
85,872.41,0.169131
86,872.27,0.169262
87,872.27,0.169262
88,872.27,0.169262
89,871.62,0.169885
90,871.21,0.170280
91,871.21,0.170280
92,537.10,0.488478
93,537.03,0.488540
94,536.65,0.488908
95,535.54,0.489964
96,535.54,0.489964
97,533.85,0.491570
98,533.75,0.491665
99,524.65,0.500338
100,524.60,0.500378
101,524.02,0.500930
102,523.02,0.501881
103,522.87,0.502032
104,521.20,0.503619
105,519.25,0.505477
106,515.82,0.508740
107,514.99,0.509533
108,513.50,0.510953
109,511.83,0.512546
110,510.46,0.513848
111,509.38,0.514875
112,508.08,0.516117
113,507.26,0.516891
114,507.12,0.517031
115,507.03,0.517110
116,506.59,0.517536
117,506.19,0.517910
118,506.05,0.518052
119,505.99,0.518104
120,505.83,0.518257
121,505.02,0.519024
122,504.37,0.519645
123,503.99,0.520014
124,503.68,0.520307
125,503.39,0.520578
126,503.25,0.520715
127,503.25,0.520715
128,503.25,0.520715
129,503.25,0.520715
130,876.17,0.165550
131,876.26,0.165463
132,876.54,0.165199
133,876.54,0.165199
134,876.54,0.165199
135,876.54,0.165199
136,876.46,0.165276
137,876.46,0.165277
138,876.45,0.165284
139,876.45,0.165284
140,876.40,0.165330
141,876.40,0.165330
142,876.40,0.165330
143,876.38,0.165348
144,876.38,0.165349
145,876.36,0.165372
146,876.32,0.165414
147,876.10,0.165623
148,876.10,0.165623
149,876.10,0.165623
150,875.96,0.165751
151,875.92,0.165786
152,875.87,0.165835
153,875.59,0.166101
154,875.38,0.166305
155,875.38,0.166305
156,875.38,0.166305
157,875.38,0.166305
158,875.46,0.166224
159,875.75,0.165953
160,875.78,0.165926
161,875.78,0.165926
162,875.78,0.165926
163,875.75,0.165953
164,875.49,0.166198
165,875.05,0.166617
166,875.05,0.166617
167,875.05,0.166617
168,875.05,0.166617
169,875.08,0.166595
170,875.19,0.166483
171,875.22,0.166459
172,875.24,0.166439
173,875.29,0.166391
174,875.72,0.165984
175,875.74,0.165959
176,875.74,0.165959
177,875.74,0.165959
178,875.74,0.165959
179,875.49,0.166196
180,875.49,0.166196
181,875.49,0.166196
182,875.03,0.166636
183,875.03,0.166636
184,875.42,0.166265
185,875.42,0.166265
186,875.42,0.166265
187,875.42,0.166265
188,875.42,0.166265
189,875.43,0.166259
190,875.43,0.166259
191,875.35,0.166331
192,875.35,0.166331
193,875.27,0.166405
194,874.90,0.166766
195,874.89,0.166774
196,874.82,0.166837
197,874.70,0.166950
198,874.70,0.166950
199,874.70,0.166950
200,874.70,0.166950
201,874.77,0.166882
202,874.98,0.166687
203,875.04,0.166628
204,875.33,0.166353
205,875.59,0.166109
206,875.80,0.165902
207,876.07,0.165649
208,876.07,0.165649
209,876.07,0.165649
210,876.07,0.165649
211,876.07,0.165650
212,875.84,0.165869
213,875.53,0.166166
214,875.53,0.166166
215,875.53,0.166166
216,875.53,0.166166
217,875.61,0.166085
218,875.85,0.165853
219,875.86,0.165844
220,875.92,0.165790
221,876.14,0.165581
222,876.14,0.165581
223,875.86,0.165844
224,875.85,0.165853
225,875.73,0.165976
226,875.44,0.166247
227,875.44,0.166247
228,875.41,0.166280
229,875.33,0.166353
230,875.33,0.166353
231,875.33,0.166353
232,875.41,0.166280
233,875.22,0.166458
234,875.14,0.166536
235,875.10,0.166575
236,874.94,0.166721
237,874.71,0.166943
238,874.04,0.167583
239,873.67,0.167934
240,873.42,0.168172
243,873.42,0.168172
244,873.42,0.168172
245,873.67,0.167934
246,874.10,0.167522
247,874.19,0.167435
248,874.68,0.166975
249,874.68,0.166975
250,874.68,0.166975
251,874.94,0.166720
252,875.15,0.166522
253,875.23,0.166448
254,875.65,0.166050
255,875.65,0.166050
256,875.65,0.166050
257,875.65,0.166050
258,875.43,0.166255
260,874.20,0.167431
261,873.52,0.168080
262,873.46,0.168136
263,873.40,0.168192
264,873.21,0.168370
265,873.21,0.168370
266,873.30,0.168284
267,873.30,0.168284
268,873.04,0.168535
269,873.14,0.168438
270,873.14,0.168438
271,873.14,0.168438
272,873.08,0.168491
273,873.04,0.168535
274,872.55,0.169003
275,872.45,0.169095
276,872.45,0.169095
277,872.45,0.169095
278,872.45,0.169095
279,872.76,0.168800
280,872.79,0.168772
281,872.79,0.168772
282,872.79,0.168772
283,872.89,0.168674
284,872.89,0.168674
285,872.79,0.168772
286,872.68,0.168874
287,872.61,0.168945
288,324.97,0.690507
289,321.08,0.694205
290,321.08,0.694205
291,321.08,0.694205
292,321.08,0.694205
293,860.89,0.180101
294,861.40,0.179622
297,873.06,0.168512
298,873.27,0.168319
299,873.32,0.168265
309,874.97,0.166699
310,874.97,0.166699
311,874.97,0.166698
312,875.04,0.166626
313,875.04,0.166626
314,875.01,0.166657
315,875.01,0.166657
316,875.02,0.166651
317,875.04,0.166626
318,875.32,0.166359
319,875.02,0.166651
321,875.01,0.166657
322,874.13,0.167493
323,805.07,0.233269
325,805.07,0.233269
326,805.07,0.233269
327,805.07,0.233269
329,976.98,0.069539
330,976.98,0.069539
331,976.98,0.069539
332,976.98,0.069539
339,842.22,0.197887
340,842.06,0.198035
342,841.66,0.198420
343,841.66,0.198420
344,842.06,0.198035
345,842.22,0.197887
346,842.76,0.197369
348,863.54,0.177583
349,871.94,0.169577
350,873.12,0.168454
351,873.12,0.168454
352,873.12,0.168454
353,873.21,0.168376
354,873.12,0.168454
355,873.07,0.168503
356,873.04,0.168534
357,873.04,0.168534
358,873.07,0.168503
359,873.07,0.168503
360,872.87,0.168697
361,872.82,0.168742
366,872.87,0.168697
367,873.31,0.168280
368,873.31,0.168280
369,873.31,0.168280
370,876.62,0.165127
371,877.10,0.164666
372,877.19,0.164578
373,877.54,0.164249
374,877.32,0.164459
375,877.32,0.164459
376,877.32,0.164459
377,877.32,0.164459
378,877.32,0.164459
379,877.32,0.164459
380,877.32,0.164459
381,877.35,0.164427
384,877.54,0.164244
385,877.77,0.164030
386,877.77,0.164030
387,877.77,0.164030
388,877.77,0.164030
395,875.99,0.165727
396,875.02,0.166643
399,874.78,0.166873
400,874.57,0.167075
404,873.91,0.167708
405,873.42,0.168167
406,873.42,0.168167
407,873.42,0.168167
408,872.83,0.168731
409,872.83,0.168731
410,872.83,0.168731
411,872.83,0.168731
412,978.46,0.068132
413,978.46,0.068132
414,978.46,0.068132
415,978.46,0.068132
416,975.86,0.070613
417,972.56,0.073754
418,962.29,0.083532
419,957.01,0.088566
420,952.58,0.092781
421,951.23,0.094068
428,863.02,0.178077
429,855.38,0.185349
430,853.98,0.186682
431,848.43,0.191973
432,845.41,0.194846
433,596.58,0.431832
434,596.58,0.431832
435,596.58,0.431832
436,596.58,0.431832
437,616.36,0.412993
438,616.36,0.412993
439,616.36,0.412993
440,617.52,0.411886
441,767.15,0.269383
442,767.15,0.269383
443,516.31,0.508280
444,516.31,0.508280
448,767.15,0.269383
449,768.87,0.267745
455,803.38,0.234873
456,803.39,0.234870
457,984.78,0.062110
458,984.98,0.061921
459,985.56,0.061376
460,986.20,0.060758
461,986.78,0.060207
462,986.78,0.060207
463,986.78,0.060207
464,986.78,0.060207
465,930.79,0.113535
466,930.77,0.113553
467,930.44,0.113869
468,930.19,0.114105
469,930.19,0.114105
470,930.19,0.114105
471,929.73,0.114547
472,929.15,0.115096
473,928.86,0.115375
474,928.55,0.115669
475,928.35,0.115858
476,928.22,0.115979
477,927.96,0.116226
478,927.88,0.116302
479,927.78,0.116402
480,927.68,0.116495
481,927.49,0.116679
482,927.27,0.116889
483,927.06,0.117083
484,926.88,0.117254
485,926.88,0.117254
486,926.88,0.117254
487,926.88,0.117254
488,927.26,0.116899
489,927.26,0.116899
490,971.63,0.074643
492,971.63,0.074643
493,969.91,0.076275
494,936.73,0.107879
495,936.73,0.107879
496,952.13,0.093210
497,952.13,0.093210
498,947.24,0.097870
499,946.36,0.098703
500,947.24,0.097870
501,948.92,0.096264
502,948.92,0.096264
503,948.92,0.096264
504,954.48,0.090969
505,961.93,0.083875
506,961.93,0.083875
507,961.93,0.083875
508,961.93,0.083875
509,961.84,0.083965
510,961.83,0.083969
511,961.72,0.084081
512,961.59,0.084199
513,961.43,0.084354
514,961.43,0.084354
515,961.43,0.084354
516,961.43,0.084354
517,962.59,0.083248
518,962.59,0.083248
519,962.59,0.083248
520,962.59,0.083248
522,805.03,0.233309
523,804.79,0.233533
525,804.61,0.233704
526,804.61,0.233704
529,804.61,0.233704
530,804.79,0.233533
531,873.41,0.168182
532,875.07,0.166603
533,875.91,0.165799
534,876.16,0.165565
535,876.16,0.165565
536,876.16,0.165565
537,876.16,0.165565
538,875.81,0.165896
539,874.99,0.166675
540,873.79,0.167823
541,807.88,0.230595
542,807.46,0.230989
543,806.24,0.232149
544,805.69,0.232677
545,783.70,0.253616
546,779.35,0.257758
547,779.35,0.257758
550,779.35,0.257758
551,779.35,0.257758
552,779.35,0.257758
553,779.35,0.257758
559,228.02,0.782842
560,227.85,0.783002
561,223.96,0.786709
562,219.07,0.791364
563,215.23,0.795015
564,215.23,0.795015
565,215.23,0.795015
566,215.23,0.795015
567,482.78,0.540205
568,482.78,0.540205
569,482.78,0.540205
570,492.59,0.530865
571,492.59,0.530865
572,492.59,0.530865
573,727.68,0.306967
574,727.75,0.306902
575,806.05,0.232337
576,806.11,0.232272
577,873.60,0.168000
578,873.77,0.167841
579,873.77,0.167841
580,873.60,0.168000
581,806.11,0.232272
582,857.74,0.183101
585,857.74,0.183101
586,857.48,0.183357
587,833.53,0.206163
588,831.50,0.208097
591,831.50,0.208097
592,833.53,0.206163
593,833.53,0.206163
594,833.53,0.206163
595,870.33,0.171112
596,870.33,0.171112
597,870.33,0.171112
598,870.33,0.171112
599,865.54,0.175674
600,864.57,0.176600
601,863.08,0.178017
602,862.90,0.178187
603,862.32,0.178739
606,811.49,0.227157
607,796.24,0.241676
612,796.24,0.241676
613,796.24,0.241676
614,811.49,0.227157
615,838.55,0.201385
616,865.44,0.175771
617,865.44,0.175771
618,865.44,0.175771
620,865.44,0.175771
621,863.74,0.177389
622,862.62,0.178459
623,685.83,0.346826
624,685.83,0.346826
625,685.43,0.347211
626,685.43,0.347211
627,685.55,0.347098
628,685.83,0.346826
629,685.83,0.346826
630,685.55,0.347098
631,685.43,0.347211
632,483.23,0.539784
633,483.23,0.539784
634,483.23,0.539784
635,483.23,0.539784
638,976.10,0.070381
639,976.10,0.070381
640,976.10,0.070381
641,976.10,0.070381
642,973.26,0.073090
643,965.10,0.080855
644,965.10,0.080855
645,965.10,0.080855
646,965.10,0.080855
647,965.52,0.080460
648,965.52,0.080460
649,965.52,0.080460
650,965.52,0.080460
651,355.00,0.661908
652,355.00,0.661908
653,355.00,0.661908
654,326.28,0.689262
655,326.22,0.689312
656,355.00,0.661908
660,767.76,0.268801
661,767.76,0.268801
662,325.07,0.690409
663,321.80,0.693521
664,309.17,0.705554
665,303.90,0.710568
666,298.27,0.715936
668,296.98,0.717160
669,296.98,0.717160
670,296.98,0.717160
671,296.98,0.717160
672,297.84,0.716340
673,314.74,0.700245
674,315.64,0.699392
675,596.09,0.432293
676,603.28,0.425444
681,797.09,0.240862
682,810.65,0.227948
685,876.47,0.165271
686,876.77,0.164982
687,876.77,0.164982
688,876.77,0.164982
689,876.77,0.164982
690,876.73,0.165021
691,876.73,0.165021
692,876.73,0.165021
693,876.41,0.165321
694,876.05,0.165668
695,876.05,0.165668
698,877.45,0.164329
699,877.68,0.164118
700,877.45,0.164329
701,877.38,0.164404
702,877.38,0.164404
703,877.38,0.164404
704,877.11,0.164656
705,876.95,0.164813
706,876.88,0.164876
707,149.69,0.857436
708,147.98,0.859068
710,142.96,0.863844
711,142.44,0.864347
712,124.37,0.881549
713,124.37,0.881549
714,124.37,0.881549
715,124.37,0.881549
717,136.67,0.869838
718,137.59,0.868965
719,343.52,0.672841
720,346.96,0.669559
721,346.96,0.669559
722,974.29,0.072105
723,974.84,0.071585
724,974.84,0.071585
725,974.84,0.071585
726,974.84,0.071585
727,808.07,0.230414
728,805.79,0.232578
729,804.26,0.234040
730,804.26,0.234040
731,803.61,0.234656
732,803.43,0.234832
733,803.43,0.234832
738,803.61,0.234656
739,803.61,0.234656
740,724.13,0.310355
741,719.28,0.314971
742,641.59,0.388965
743,619.12,0.410362
744,606.52,0.422362
745,588.54,0.439490
746,583.72,0.444072
752,512.40,0.512004
753,507.35,0.516806
754,496.55,0.527093
755,491.80,0.531620
756,490.06,0.533275
758,475.99,0.546674
759,470.63,0.551783
760,462.74,0.559296
761,454.04,0.567581
762,449.69,0.571723
763,443.17,0.577931
764,443.17,0.577931
766,443.17,0.577931
767,443.17,0.577931
769,970.90,0.075335
770,973.04,0.073297
771,975.00,0.071425
772,975.00,0.071425
773,975.00,0.071425
774,975.00,0.071425
776,369.33,0.648260
777,363.73,0.653590
778,361.16,0.656034
779,355.45,0.661474
781,342.33,0.673969
782,338.92,0.677223
783,334.07,0.681835
784,329.84,0.685868
785,324.88,0.690595
786,322.66,0.692705
787,319.87,0.695358
789,319.87,0.695358
790,319.87,0.695358
791,319.87,0.695358
795,876.15,0.165574
796,876.49,0.165251
797,876.49,0.165251
798,876.49,0.165251
799,876.15,0.165574
802,876.49,0.165251
803,876.10,0.165618
804,875.65,0.166052
805,875.65,0.166052
806,876.10,0.165618
807,876.10,0.165618
808,875.83,0.165875
809,875.76,0.165947
810,875.76,0.165947
811,875.76,0.165947
812,875.74,0.165961
813,875.55,0.166146
814,874.92,0.166739
815,874.92,0.166739
816,874.92,0.166739
817,874.92,0.166739
818,875.29,0.166395
819,875.29,0.166386
820,875.38,0.166309
821,875.70,0.166001
822,876.57,0.165168
823,877.02,0.164738
824,877.46,0.164323
825,877.46,0.164323
829,877.46,0.164323
830,877.46,0.164323
831,877.14,0.164626
833,876.27,0.165460
837,876.27,0.165460
838,876.27,0.165460
851,875.87,0.165837
852,876.27,0.165460
853,876.32,0.165413
856,876.33,0.165400
857,876.90,0.164859
858,876.33,0.165400
859,876.32,0.165413
860,876.32,0.165413
862,856.23,0.184544
863,832.79,0.206865
864,784.33,0.253015
865,745.69,0.289824
866,643.63,0.387017
867,627.88,0.402024
868,615.44,0.413869
869,599.35,0.429189
878,508.88,0.515351
879,502.31,0.521607
880,491.54,0.531869
881,486.36,0.536799
882,478.60,0.544189
883,478.60,0.544189
884,478.60,0.544189
885,478.60,0.544189
886,876.26,0.165466
887,876.26,0.165466
888,876.26,0.165466
889,876.26,0.165466
890,875.43,0.166261
891,875.41,0.166280
895,875.31,0.166369
896,875.07,0.166602
897,874.80,0.166860
899,375.55,0.642332
900,369.44,0.648151
901,369.44,0.648151
902,369.44,0.648151
903,369.44,0.648151
904,876.95,0.164813
905,877.29,0.164486
906,877.54,0.164247
907,877.64,0.164154
908,878.59,0.163250
909,879.51,0.162367
910,879.51,0.162367
914,879.51,0.162367
915,879.51,0.162367
917,291.49,0.722391
918,291.49,0.722391
919,291.49,0.722391
920,291.49,0.722391
922,864.02,0.177128
926,864.02,0.177128
927,864.02,0.177128
928,869.61,0.171802
930,869.61,0.171802
931,874.43,0.167210
932,874.43,0.167210
933,606.17,0.422697
934,876.23,0.165491
936,876.41,0.165327
937,876.48,0.165260
940,876.41,0.165327
941,529.49,0.495723
942,876.56,0.165181
943,876.73,0.165019
944,876.56,0.165181
946,876.56,0.165181
947,876.56,0.165181
948,876.73,0.165019
953,876.73,0.165019
954,876.73,0.165019
955,876.24,0.165485
958,505.35,0.518716
959,504.58,0.519449
960,494.00,0.529524
961,494.00,0.529524
962,494.07,0.529453
964,495.53,0.528067
965,497.09,0.526581
966,497.09,0.526581
967,495.53,0.528067
968,495.53,0.528067
969,495.53,0.528067
976,488.30,0.534948
977,488.30,0.534948
978,488.30,0.534948
979,488.30,0.534948
981,488.30,0.534948
982,490.35,0.532997
983,491.54,0.531864
984,492.62,0.530839
987,700.94,0.332434
988,732.67,0.302223
990,732.67,0.302223
991,732.67,0.302223
992,700.94,0.332434
993,604.83,0.423976
994,594.66,0.433661
995,503.37,0.520596
1002,485.37,0.537745
1003,482.09,0.540871
1006,478.97,0.543836
1007,478.97,0.543836
1008,474.66,0.547943
1009,462.15,0.559860
1010,454.45,0.567194
1011,450.02,0.571414
1012,445.23,0.575969
1016,419.70,0.600284
1017,415.71,0.604089
1018,410.51,0.609035
1019,410.51,0.609035
1020,410.51,0.609035
1021,410.51,0.609035
1025,874.86,0.166795
1026,874.86,0.166795
1032,874.86,0.166795
1033,874.86,0.166795
1042,873.95,0.167669
1043,872.31,0.169229
1045,871.89,0.169633
1046,871.50,0.169999
1047,870.47,0.170984
1051,868.34,0.173008
1052,868.12,0.173221
1053,866.95,0.174333
1054,866.25,0.175003
1055,866.25,0.175003
1056,865.61,0.175611
1057,865.61,0.175611
1058,865.61,0.175611
1059,865.61,0.175611
1060,865.69,0.175534
1061,866.04,0.175200
1062,866.05,0.175195
1063,866.21,0.175038
1064,866.21,0.175038
1065,866.21,0.175038
1066,866.21,0.175038
1067,864.90,0.176283
1068,864.90,0.176283
1069,864.90,0.176283
1070,864.90,0.176283
1071,865.44,0.175773
1072,865.44,0.175773
1073,865.44,0.175773
1074,865.44,0.175773
1075,864.15,0.177002
1076,864.02,0.177123
1077,863.66,0.177470
1078,863.50,0.177621
1079,863.50,0.177621
1080,863.50,0.177621
1081,863.21,0.177895
1082,863.17,0.177937
1083,863.17,0.177937
1084,863.05,0.178045
1085,862.65,0.178424
1086,861.79,0.179250
1087,860.19,0.180772
1088,860.19,0.180772
1089,860.19,0.180772
1093,860.19,0.180772
1094,860.54,0.180439
1095,860.64,0.180344
1096,860.64,0.180339
1097,860.64,0.180339
1098,860.64,0.180339
1099,860.54,0.180439
1100,860.45,0.180528
1101,860.37,0.180597
1102,860.17,0.180788
1103,860.17,0.180788
1104,860.15,0.180806
1105,860.06,0.180892
1108,860.06,0.180892
1112,860.15,0.180806
1113,860.06,0.180892
1114,857.55,0.183290
1115,857.00,0.183812
1116,857.55,0.183290
1117,858.47,0.182412
1118,858.02,0.182839
1119,857.69,0.183152
1120,857.69,0.183152
1121,857.69,0.183152
1122,857.89,0.182964
1123,857.89,0.182964
1124,857.89,0.182964
1125,857.89,0.182964
1126,858.01,0.182851
1127,858.33,0.182545
1128,859.24,0.181680
1129,859.24,0.181680
1130,859.24,0.181680
1131,859.24,0.181680
1132,858.91,0.181989
1133,858.91,0.181989
1134,858.88,0.182023
1135,858.70,0.182189
1136,858.69,0.182203
1137,858.41,0.182468
1138,858.70,0.182189
1139,858.70,0.182189
1140,858.70,0.182189
1141,858.60,0.182285
1142,858.60,0.182285
1143,858.60,0.182285
1144,858.60,0.182285
1145,858.58,0.182309
1146,858.58,0.182309
1147,858.56,0.182321
1148,858.55,0.182331
1149,858.53,0.182353
1150,857.98,0.182878
1151,856.61,0.184181
1152,856.41,0.184370
1153,856.41,0.184370
1154,856.41,0.184370
1155,856.29,0.184489
1156,856.21,0.184561
1157,856.21,0.184561
1158,856.06,0.184702
1159,856.06,0.184702
1160,856.01,0.184748
1161,855.78,0.184968
1162,855.78,0.184968
1163,855.80,0.184948
1164,856.06,0.184702
1165,855.87,0.184890
1166,855.80,0.184948
1167,855.85,0.184908
1168,855.87,0.184890
1169,856.22,0.184548
1170,855.87,0.184890
1171,855.87,0.184890
1172,857.13,0.183684
1174,857.13,0.183684
1175,857.13,0.183684
1176,854.74,0.185959
1182,853.89,0.186774
1183,853.89,0.186774
1184,853.78,0.186880
1185,853.78,0.186880
1186,853.89,0.186774
1187,854.01,0.186656
1188,854.01,0.186656
1189,854.01,0.186656
1190,853.78,0.186880
1191,852.95,0.187665
1192,852.15,0.188430
1193,852.15,0.188430
1194,852.15,0.188430
1195,852.06,0.188512
1196,852.06,0.188512
1197,852.06,0.188512
1198,851.83,0.188731
1199,851.63,0.188924
1200,851.37,0.189168
1201,851.04,0.189487
1202,851.01,0.189518
1203,849.67,0.190789
1204,849.67,0.190789
1205,849.67,0.190789
1206,849.67,0.190789
1207,850.11,0.190370
1208,850.13,0.190350
1209,850.27,0.190222
1210,850.36,0.190134
1211,850.46,0.190036
1212,850.63,0.189877
1213,850.63,0.189877
1214,850.63,0.189877
1215,850.63,0.189877
1216,850.63,0.189877
1217,850.63,0.189877
1218,850.43,0.190070
1219,848.46,0.191938
1220,848.04,0.192341
1221,846.99,0.193346
1222,846.42,0.193889
1223,846.42,0.193889
1224,846.42,0.193889
1225,846.42,0.193889
1226,848.04,0.192346
1227,848.04,0.192346
1228,848.04,0.192346
1229,848.28,0.192112
1235,848.30,0.192096
1236,848.30,0.192096
1237,848.30,0.192096
1238,845.43,0.194827
1239,845.43,0.194827
1244,845.43,0.194827
1245,843.97,0.196221
1246,841.83,0.198254
1247,840.80,0.199233
1252,840.80,0.199233
1253,840.80,0.199233
1255,840.80,0.199233
1257,841.02,0.199027
1258,841.08,0.198968
1259,841.17,0.198888
1260,841.50,0.198574
1261,841.50,0.198574
1262,842.18,0.197923
1263,842.18,0.197923
1264,842.18,0.197923
1265,842.18,0.197923
1266,842.14,0.197957
1267,842.08,0.198015
1268,841.93,0.198161
1269,841.70,0.198382
1270,841.48,0.198587
1271,841.26,0.198798
1272,841.26,0.198798
1273,841.26,0.198798
1274,841.26,0.198798
1275,841.66,0.198423
1276,841.66,0.198423
1277,841.66,0.198423
1278,841.66,0.198423
1279,840.85,0.199195
1280,840.59,0.199441
1281,840.04,0.199961
1283,839.89,0.200106
1284,839.89,0.200106
1285,839.89,0.200106
1286,839.89,0.200106
1287,841.62,0.198455
1288,842.31,0.197803
1289,842.31,0.197799
1290,842.46,0.197660
1291,842.90,0.197236
1292,842.98,0.197163
1293,842.90,0.197236
1294,842.31,0.197799
1295,842.98,0.197163
1297,842.98,0.197163
1298,839.62,0.200362
1299,839.62,0.200362
1300,839.62,0.200362
1301,841.70,0.198382
1312,841.70,0.198382
1313,841.70,0.198384
1314,841.70,0.198384
1315,841.70,0.198384
1316,841.24,0.198822
1317,840.17,0.199843
1318,840.03,0.199975
1319,839.48,0.200495
1320,838.89,0.201056
1321,838.66,0.201278
1322,838.54,0.201388
1323,838.54,0.201388
1325,838.06,0.201848
1328,838.00,0.201900
1330,838.00,0.201900
1331,838.00,0.201900
1332,841.41,0.198661
1333,841.41,0.198661
1334,841.16,0.198891
1335,841.16,0.198891
1336,841.16,0.198891
1337,840.62,0.199412
1338,840.59,0.199434
1339,840.38,0.199634
1340,839.26,0.200707
1341,839.26,0.200707
1342,839.26,0.200707
1343,839.26,0.200707
1344,840.06,0.199944
1345,840.06,0.199944
1346,840.06,0.199944
1349,840.06,0.199944
1350,833.87,0.205842
1351,833.42,0.206268
1352,833.32,0.206359
1353,833.27,0.206406
1354,832.82,0.206841
1355,830.91,0.208656
1356,830.72,0.208838
1357,829.58,0.209921
1358,829.58,0.209921
1359,830.72,0.208838
1360,830.91,0.208656
1361,833.62,0.206075
1362,834.60,0.205138
1363,834.60,0.205138
1364,834.60,0.205138
1365,834.60,0.205138
1368,570.32,0.456838
1369,570.32,0.456838
1370,570.32,0.456838
1371,570.32,0.456838
1373,839.63,0.200353
1374,839.88,0.200111
1375,840.33,0.199687
1376,840.33,0.199687
1378,840.33,0.199687
1379,840.57,0.199462
1380,842.36,0.197754
1381,843.18,0.196974
1382,842.36,0.197754
1383,840.08,0.199921
1384,840.29,0.199726
1386,840.29,0.199726
1387,840.08,0.199921
1388,840.03,0.199975
1389,839.95,0.200047
1390,839.77,0.200223
1391,839.56,0.200422
1392,839.56,0.200422
1393,839.56,0.200422
1394,839.31,0.200660
1395,839.31,0.200660
1396,839.31,0.200660
1398,839.29,0.200680
1399,838.78,0.201161
1400,355.87,0.661073
1401,351.90,0.664855
1402,343.46,0.672895
1403,343.46,0.672895
1404,343.46,0.672895
1405,343.46,0.672895
1408,836.78,0.203064
1409,836.78,0.203064
1410,836.78,0.203064
1411,836.87,0.202980
1412,836.78,0.203064
1413,836.58,0.203260
1414,836.51,0.203321
1415,295.77,0.718316
1416,295.77,0.718316
1417,295.77,0.718316
1418,295.77,0.718316
1419,824.38,0.214878
1420,824.88,0.214396
1421,825.93,0.213400
1422,825.99,0.213344
1423,826.03,0.213307
1424,826.27,0.213075
1425,826.27,0.213075
1427,826.27,0.213075
1428,826.03,0.213307
1429,826.03,0.213307
1430,826.03,0.213307
1431,825.84,0.213487
1432,825.60,0.213718
1433,825.45,0.213855
1435,207.54,0.802344
1436,207.54,0.802344
1438,207.54,0.802344
1439,207.54,0.802344
1443,826.12,0.213220
1444,827.06,0.212319
1445,827.30,0.212096
1446,827.86,0.211559
1447,828.33,0.211111
1448,828.72,0.210738
1449,829.31,0.210183
1450,830.56,0.208989
1451,830.81,0.208756
1452,830.81,0.208756
1453,830.81,0.208756
1454,830.56,0.208989
1455,830.30,0.209238
1456,830.29,0.209251
1457,830.26,0.209279
1458,830.19,0.209346
1459,830.17,0.209365
1460,830.08,0.209451
1461,829.80,0.209718
1462,828.72,0.210745
1463,828.01,0.211422
1464,826.59,0.212767
1465,826.37,0.212986
1466,825.85,0.213478
1467,825.54,0.213770
1470,823.61,0.215611
1471,823.61,0.215611
1472,823.61,0.215611
1473,823.38,0.215833
1474,823.38,0.215833
1475,823.38,0.215833
1476,822.48,0.216685
1477,821.62,0.217508
1478,821.50,0.217617
1479,820.26,0.218801
1480,820.04,0.219013
1481,819.34,0.219676
1482,811.22,0.227414
1483,810.12,0.228460
1486,653.98,0.377165
1487,631.41,0.398653
1488,631.41,0.398653
1491,631.41,0.398653
1492,619.53,0.409976
1496,579.81,0.447802
1497,572.75,0.454522
1499,510.25,0.514048
1501,490.53,0.532833
1502,490.53,0.532833
1503,490.53,0.532833
1505,490.53,0.532833
1507,822.60,0.216571
1508,822.60,0.216571
1509,823.21,0.215986
1510,823.24,0.215959
1511,823.39,0.215822
1515,824.30,0.214950
1516,824.30,0.214950
1517,824.30,0.214950
1518,824.30,0.214950
1521,372.15,0.645570
1526,346.09,0.670392
1527,346.09,0.670392
1528,346.09,0.670392
1529,340.15,0.676048
1539,335.53,0.680449
1540,335.53,0.680449
1541,830.86,0.208701
1544,831.91,0.207703
1546,832.37,0.207266
1547,841.34,0.198723
1548,841.34,0.198723
1560,841.34,0.198723
1561,841.38,0.198690
1562,841.38,0.198690
1563,841.34,0.198723
1564,841.16,0.198890
1565,841.13,0.198926
1569,173.17,0.835077
1570,169.37,0.838692
1571,166.59,0.841339
1572,164.21,0.843611
1596,164.21,0.843611
1597,164.21,0.843611
1598,164.21,0.843611
1601,832.38,0.207258
1602,832.38,0.207258
1603,832.38,0.207258
1604,832.38,0.207258
1605,826.10,0.213234
1606,816.49,0.222387
1607,812.81,0.225898
1608,811.73,0.226922
1609,798.47,0.239553
1610,797.32,0.240649
1611,792.99,0.244776
1612,787.81,0.249707
1613,784.12,0.253223
1614,781.94,0.255295
1615,779.39,0.257723
1616,778.36,0.258701
1617,778.19,0.258870
1621,778.19,0.258870
1622,778.07,0.258977
1623,778.01,0.259036
1624,778.01,0.259036
1625,778.01,0.259036
1627,756.45,0.279576
1628,754.83,0.281115
1629,754.83,0.281115
1630,754.83,0.281115
1631,754.83,0.281115
1632,755.21,0.280757
1633,755.21,0.280757
1634,755.19,0.280774
1636,755.19,0.280774
1637,753.22,0.282648
1638,749.94,0.285774
1639,747.99,0.287627
1640,744.64,0.290817
1641,744.44,0.291011
1642,743.58,0.291827
1643,743.47,0.291936
1644,737.85,0.297289
1645,737.32,0.297794
1646,736.29,0.298775
1647,736.03,0.299017
1648,735.10,0.299909
1649,732.94,0.301962
1650,731.51,0.303325
1651,729.92,0.304838
1652,726.03,0.308544
1653,719.37,0.314881
1654,717.38,0.316776
1655,717.04,0.317106
1656,715.65,0.318427
1657,714.91,0.319131
1658,714.04,0.319962
1659,714.04,0.319962
1660,714.04,0.319962
1661,714.04,0.319962
1662,714.65,0.319379
1663,714.65,0.319379
1664,714.65,0.319379
1665,714.90,0.319143
1666,715.11,0.318944
1667,714.90,0.319143
1668,714.62,0.319406
1669,714.28,0.319730
1670,707.21,0.326467
1673,245.93,0.765784
1674,241.94,0.769580
1679,223.35,0.787290
1680,223.35,0.787290
1682,223.35,0.787290
1683,223.35,0.787290
1684,736.37,0.298698
1685,739.75,0.295481
1686,742.26,0.293084
1687,744.57,0.290887
1688,745.82,0.289697
1689,745.82,0.289697
1695,745.82,0.289697
1696,745.82,0.289697
1697,744.78,0.290682
1698,743.93,0.291495
1699,743.58,0.291825
1701,743.15,0.292240
1702,743.14,0.292245
1703,742.59,0.292773
1704,742.57,0.292793
1705,742.54,0.292816
1706,742.54,0.292816
1707,742.54,0.292816
1710,742.54,0.292816
1711,742.54,0.292816
1712,742.46,0.292895
1713,742.06,0.293280
1714,741.58,0.293732
1715,741.16,0.294131
1717,738.88,0.296304
1719,725.77,0.308790
1720,722.66,0.311751
1721,719.07,0.315172
1722,714.42,0.319598
1723,714.42,0.319598
1724,714.42,0.319598
1725,704.22,0.329316
1726,698.08,0.335165
1727,695.13,0.337973
1728,691.26,0.341661
1729,688.47,0.344317
1730,687.55,0.345193
1731,682.30,0.350188
1732,675.81,0.356370
1733,667.87,0.363929
1734,667.70,0.364095
1735,667.54,0.364245
1736,667.54,0.364245
1737,667.58,0.364211
1738,667.58,0.364211
1739,667.58,0.364211
1740,667.54,0.364245
1741,666.79,0.364958
1742,666.79,0.364958
1743,666.79,0.364958
1744,666.79,0.364958
1747,715.28,0.318776
1748,715.70,0.318381
1749,720.58,0.313737
1750,726.73,0.307876
1751,726.73,0.307876
1752,726.78,0.307830
1753,728.17,0.306507
1754,728.17,0.306507
1755,728.17,0.306507
1756,728.17,0.306507
1757,726.40,0.308188
1758,725.33,0.309211
1759,724.32,0.310174
1760,413.59,0.606107
1761,409.75,0.609764
1762,401.26,0.617848
1763,401.26,0.617848
1764,401.26,0.617848
1768,401.26,0.617848
1771,758.99,0.277154
1772,758.99,0.277154
1773,758.99,0.277154
1774,758.99,0.277154
1775,758.44,0.277681
1776,757.07,0.278984
1777,754.78,0.281163
1778,751.90,0.283909
1779,745.18,0.290303
1780,730.49,0.304292
1781,721.70,0.312665
1782,716.39,0.317719
1783,710.00,0.323809
1784,710.00,0.323809
1785,710.00,0.323809
1786,710.00,0.323809
1787,746.43,0.289116
1788,746.43,0.289116
1789,746.43,0.289116
1790,746.43,0.289116
1791,745.89,0.289627
1792,738.96,0.296229
1793,737.86,0.297274
1794,737.86,0.297274
1795,737.86,0.297274
1796,737.86,0.297274
1797,741.72,0.293603
1798,742.02,0.293315
1799,742.83,0.292539
1800,744.69,0.290770
1801,746.44,0.289103
1802,747.39,0.288199
1803,750.38,0.285350
1804,751.78,0.284021
1805,752.26,0.283564
1806,753.23,0.282633
1807,754.81,0.281134
1808,756.84,0.279196
1809,758.63,0.277495
1810,761.16,0.275082
1811,766.82,0.269693
1812,768.21,0.268372
1813,768.80,0.267807
1814,768.94,0.267672
1815,769.06,0.267561
1816,769.45,0.267187
1817,769.48,0.267166
1818,769.53,0.267110
1819,769.53,0.267110
1820,769.53,0.267110
1821,769.48,0.267166
1822,769.22,0.267412
1823,768.89,0.267723
1824,768.89,0.267723
1825,768.89,0.267723
1826,768.89,0.267723
1827,769.32,0.267313
1828,769.93,0.266732
1829,770.05,0.266619
1830,770.08,0.266586
1831,770.08,0.266586
1832,770.08,0.266586
1833,770.05,0.266619
1834,768.62,0.267978
1835,763.07,0.273267
1836,758.58,0.277546
1837,754.89,0.281058
1838,750.12,0.285604
1839,748.77,0.286886
1840,748.31,0.287320
1841,748.31,0.287320
1842,748.13,0.287496
1843,748.13,0.287496
1844,748.31,0.287320
1845,748.32,0.287316
1846,748.53,0.287111
1847,748.86,0.286797
1850,749.27,0.286413
1851,749.27,0.286413
1852,749.29,0.286395
1853,749.57,0.286127
1854,749.99,0.285723
1855,750.46,0.285274
1856,750.46,0.285274
1857,750.22,0.285507
1858,750.23,0.285497
1859,750.23,0.285497
1860,750.46,0.285274
1861,750.46,0.285274
1862,751.19,0.284580
1863,751.58,0.284207
1864,751.86,0.283941
1865,753.23,0.282642
1866,753.69,0.282199
1867,754.87,0.281076
1868,757.44,0.278631
1869,761.38,0.274881
1870,765.59,0.270866
1872,774.37,0.262508
1873,775.40,0.261525
1874,777.20,0.259813
1875,779.23,0.257878
1876,783.16,0.254132
1877,785.25,0.252146
1878,786.56,0.250892
1879,787.76,0.249754
1880,788.66,0.248894
1881,790.20,0.247431
1882,791.85,0.245860
1884,795.04,0.242816
1885,795.70,0.242188
1886,795.70,0.242188
1887,795.70,0.242188
1888,795.70,0.242188
1889,796.81,0.241132
1890,797.30,0.240662
1891,797.32,0.240647
1893,801.58,0.236592
1894,802.43,0.235782
1895,802.43,0.235782
1896,802.43,0.235782
1897,802.43,0.235782
1898,802.36,0.235851
1899,802.30,0.235906
1900,802.27,0.235935
1901,802.27,0.235935
1902,802.27,0.235935
1903,802.27,0.235935
1904,802.37,0.235834
1905,802.62,0.235599
1906,803.44,0.234817
1907,803.44,0.234817
1908,803.51,0.234752
1909,803.54,0.234724
1910,803.51,0.234752
1911,803.44,0.234817
1913,803.51,0.234752
1914,803.51,0.234752
1915,806.12,0.232263
1916,806.12,0.232263
1917,806.07,0.232312
1918,806.07,0.232312
1919,806.07,0.232312
1920,805.88,0.232491
1921,805.82,0.232555
1922,803.42,0.234836
1923,802.91,0.235320
1924,802.91,0.235320
1925,802.91,0.235320
1926,802.91,0.235320
1927,803.27,0.234980
1928,803.48,0.234781
1929,803.53,0.234733
1930,804.17,0.234121
1931,804.17,0.234121
1932,804.17,0.234121
1933,804.17,0.234121
1934,803.97,0.234318
1935,803.89,0.234393
1936,803.64,0.234625
1937,803.29,0.234962
1938,803.18,0.235068
1939,802.80,0.235429
1940,802.31,0.235895
1941,802.19,0.236008
1942,800.16,0.237938
1943,797.88,0.240115
1944,796.42,0.241508
1945,793.82,0.243983
1946,792.17,0.245556
1947,790.99,0.246678
1948,145.90,0.861046
1949,142.26,0.864511
1950,142.26,0.864511
1952,142.26,0.864511
1953,142.26,0.864511
1955,789.60,0.248002
1959,789.76,0.247846
1960,790.17,0.247455
1961,790.36,0.247275
1962,790.36,0.247275
1963,790.49,0.247156
1964,791.03,0.246639
1965,791.03,0.246639
1966,791.03,0.246639
1967,791.03,0.246639
1968,790.36,0.247276
1969,790.31,0.247324
1970,789.69,0.247910
1971,789.69,0.247910
1972,788.47,0.249072
1973,787.52,0.249976
1974,787.35,0.250146
1975,787.35,0.250146
1976,785.51,0.251891
1977,785.17,0.252222
1978,785.17,0.252222
1979,785.17,0.252220
1980,785.17,0.252220
1981,785.17,0.252222
1982,785.16,0.252226
1983,784.42,0.252936
1984,783.92,0.253412
1985,783.41,0.253899
1986,783.41,0.253899
1987,783.41,0.253899
1988,783.41,0.253899
1989,783.36,0.253939
1990,783.36,0.253947
1991,783.36,0.253947
1992,783.36,0.253947
1993,782.79,0.254486
1994,782.49,0.254768
1995,781.91,0.255323
1996,781.44,0.255771
1997,781.12,0.256074
1998,780.26,0.256896
1999,779.98,0.257166
2000,779.76,0.257375
2001,779.75,0.257377
2002,779.67,0.257454
2003,779.61,0.257517
2004,773.18,0.263643
2005,769.15,0.267473
2006,764.55,0.271861
2007,763.87,0.272502
2008,762.83,0.273495
2009,759.42,0.276743
2010,756.68,0.279352
2011,751.12,0.284649
2012,744.17,0.291266
2013,742.67,0.292691
2014,742.67,0.292691
2015,742.67,0.292691
2016,742.67,0.292691
2017,749.00,0.286664
2018,749.00,0.286664
2019,749.00,0.286664
2020,749.00,0.286664
2021,686.24,0.346435
2022,686.00,0.346663
2023,686.00,0.346663
2024,686.00,0.346663
2025,684.93,0.347685
2026,684.93,0.347685
2027,684.93,0.347685
2028,305.09,0.709437
2029,305.09,0.709437
2030,305.09,0.709437
2031,305.09,0.709437
2032,702.68,0.330784
2033,703.49,0.330009
2034,704.63,0.328920
2035,704.75,0.328810
2036,705.14,0.328437
2037,705.14,0.328437
2038,705.14,0.328437
2039,704.75,0.328810
2040,702.13,0.331305
2041,702.13,0.331305
2042,702.13,0.331305
2043,702.13,0.331305
2044,704.21,0.329321
2045,704.21,0.329321
2046,704.21,0.329321
2047,704.21,0.329321
2048,700.53,0.332831
2049,695.87,0.337270
2050,691.46,0.341467
2051,691.14,0.341767
2052,679.53,0.352829
2053,674.90,0.357243
2054,671.73,0.360256
2055,670.25,0.361666
2056,669.31,0.362560
2057,668.34,0.363483
2058,668.34,0.363483
2059,667.42,0.364363
2060,667.26,0.364517
2061,667.02,0.364739
2062,178.84,0.829675
2064,170.47,0.837646
2065,170.47,0.837646
2066,170.47,0.837646
2067,170.47,0.837646
2069,664.11,0.367519
2070,665.03,0.366643
2072,666.37,0.365360
2073,666.37,0.365360
2074,665.03,0.366643
2075,664.11,0.367519
2076,664.11,0.367519
2077,663.61,0.367989
2078,663.51,0.368084
2079,662.57,0.368977
2080,662.57,0.368977
2081,663.51,0.368084
2082,664.13,0.367497
2083,665.22,0.366461
2084,668.89,0.362964
2085,672.01,0.359990
2086,673.01,0.359038
2087,673.69,0.358387
2088,675.40,0.356763
2089,676.16,0.356034
2090,676.66,0.355559
2091,676.93,0.355308
2092,682.76,0.349753
2093,689.48,0.343351
2094,693.20,0.339810
2095,693.74,0.339297
2096,694.49,0.338578
2101,724.63,0.309880
2102,724.63,0.309880
2103,724.63,0.309880
2104,724.63,0.309880
2105,689.77,0.343079
2106,689.01,0.343800
2107,687.98,0.344777
2108,687.89,0.344867
2109,687.98,0.344777
2110,688.51,0.344274
2111,688.15,0.344622
2112,687.89,0.344867
2113,687.89,0.344867
2114,687.89,0.344867
2115,687.27,0.345453
2116,685.30,0.347337
2117,682.88,0.349634
2118,678.44,0.353865
2119,677.27,0.354982
2120,677.27,0.354982
2121,675.46,0.356702
2122,674.19,0.357912
2123,673.85,0.358243
2124,671.60,0.360382
2125,668.84,0.363011
2126,668.70,0.363141
2127,668.53,0.363307
2128,667.87,0.363931
2129,667.87,0.363931
2130,664.70,0.366954
2131,661.89,0.369626
2132,660.91,0.370567
2133,660.34,0.371105
2134,660.04,0.371393
2135,658.95,0.372424
2136,653.77,0.377361
2137,651.38,0.379635
2138,650.05,0.380908
2139,649.54,0.381395
2140,649.13,0.381781
2141,648.95,0.381952
2142,648.89,0.382011
2143,648.83,0.382064
2144,648.79,0.382103
2145,648.44,0.382440
2146,646.40,0.384377
2147,638.52,0.391886
2148,630.43,0.399593
2149,630.43,0.399593
2150,630.43,0.399593
2151,626.72,0.403128
2153,621.11,0.408464
2154,611.62,0.417503
2155,596.85,0.431572
2156,592.96,0.435276
2157,592.96,0.435276
2158,592.96,0.435276
2159,592.96,0.435276
2165,658.13,0.373210
2166,658.13,0.373210
2167,663.26,0.368325
2168,666.65,0.365097
2169,666.65,0.365097
2170,666.65,0.365097
2171,667.26,0.364516
2172,669.05,0.362811
2173,669.05,0.362811
2174,669.05,0.362811
2175,669.05,0.362811
2176,668.99,0.362871
2177,668.92,0.362929
2178,668.92,0.362929
2179,668.92,0.362929
2180,668.92,0.362929
2181,668.89,0.362961
2184,659.19,0.372204
2185,669.04,0.362819
2186,691.41,0.341517
2187,691.41,0.341517
2190,688.53,0.344259
2191,688.53,0.344259
2192,689.35,0.343479
2193,691.41,0.341517
2194,691.41,0.341517
2195,692.52,0.340458
2196,695.85,0.337287
2197,698.90,0.334382
2198,700.57,0.332795
2199,700.71,0.332660
2200,702.09,0.331344
2201,702.66,0.330800
2202,703.54,0.329963
2203,705.11,0.328465
2204,708.21,0.325517
2208,716.00,0.318093
2209,716.16,0.317946
2211,716.54,0.317577
2212,716.54,0.317577
2213,716.54,0.317577
2214,716.56,0.317561
2215,716.63,0.317499
2221,716.66,0.317466
2225,716.63,0.317499
2226,716.50,0.317620
2227,717.81,0.316375
2228,719.37,0.314885
2232,721.06,0.313274
2240,721.06,0.313274
2241,723.24,0.311200
2242,724.63,0.309878
2243,725.66,0.308897
2244,725.68,0.308873
2245,725.69,0.308863
2246,725.81,0.308755
2247,725.98,0.308587
2248,726.49,0.308105
2249,727.31,0.307327
2250,727.31,0.307327
2251,727.31,0.307327
2252,727.31,0.307327
2253,436.11,0.584658
2255,424.81,0.595415
2256,424.81,0.595415
2261,424.81,0.595415
2262,424.81,0.595415
2263,708.66,0.325090
2264,708.66,0.325090
2265,708.66,0.325090
2266,708.66,0.325090
2267,703.42,0.330074
2268,701.85,0.331575
2273,701.45,0.331949
2274,701.39,0.332010
2275,701.22,0.332173
2283,681.88,0.350592
2284,677.23,0.355017
2285,674.97,0.357175
2286,674.97,0.357175
2287,677.23,0.355017
2288,677.37,0.354890
2289,677.37,0.354890
2290,681.78,0.350687
2291,682.08,0.350402
2292,683.64,0.348913
2294,698.51,0.334751
2295,702.03,0.331398
2296,704.29,0.329252
2297,704.73,0.328828
2298,704.87,0.328693
2299,704.99,0.328578
2300,705.55,0.328047
2301,706.80,0.326854
2302,708.20,0.325522
2303,709.79,0.324012
2306,716.84,0.317293
2307,718.80,0.315427
2308,722.34,0.312059
2309,724.46,0.310037
2310,725.42,0.309120
2311,725.42,0.309120
2313,725.42,0.309120
2314,725.42,0.309120
2315,724.21,0.310273
2316,721.40,0.312956
2317,719.72,0.314556
2318,719.67,0.314598
2319,719.67,0.314598
2320,719.67,0.314598
2321,719.72,0.314556
2322,722.36,0.312039
2323,724.24,0.310248
2325,727.22,0.307411
2326,727.96,0.306705
2330,732.40,0.302478
2331,735.00,0.300004
2332,735.78,0.299257
2333,735.82,0.299217
2334,735.95,0.299097
2335,735.95,0.299097
2336,736.19,0.298864
2337,736.19,0.298864
2338,736.20,0.298855
2339,736.20,0.298855
2340,736.19,0.298864
2341,736.19,0.298869
2342,736.19,0.298869
2343,735.36,0.299659
2344,733.16,0.301750
2345,730.56,0.304230
2346,729.44,0.305299
2350,729.44,0.305299
2351,729.44,0.305299
2353,730.56,0.304230
2354,733.38,0.301540
2355,735.71,0.299327
2356,737.39,0.297720
2357,739.63,0.295593
2358,742.63,0.292737
2359,745.16,0.290325
2361,749.70,0.285996
2362,749.80,0.285903
2365,749.80,0.285903
2366,749.90,0.285811
2367,749.90,0.285811
2368,749.93,0.285786
2369,750.48,0.285261
2370,751.27,0.284501
2371,751.41,0.284369
2372,751.48,0.284308
2373,751.66,0.284134
2374,751.66,0.284131
2375,751.69,0.284108
2376,751.74,0.284056
2377,751.68,0.284110
2378,751.85,0.283948
2379,751.93,0.283874
2380,752.03,0.283782
2389,755.13,0.280825
2390,756.42,0.279596
2391,757.78,0.278302
2392,760.18,0.276017
2393,760.96,0.275279
2394,761.51,0.274750
2395,762.63,0.273685
2396,763.19,0.273157
2397,763.42,0.272929
2398,763.49,0.272864
2399,765.44,0.271005
2400,765.84,0.270630
2401,765.98,0.270496
2402,766.25,0.270241
2403,766.81,0.269707
2404,766.91,0.269611
2405,766.91,0.269611
2406,766.91,0.269611
2407,766.91,0.269611
2408,766.43,0.270070
2409,766.10,0.270386
2410,765.97,0.270503
2411,765.68,0.270777
2412,765.52,0.270930
2413,765.47,0.270979
2414,765.27,0.271173
2415,765.17,0.271268
2416,764.30,0.272097
2417,763.96,0.272419
2418,763.42,0.272934
2419,763.21,0.273137
2420,763.21,0.273137
2421,763.21,0.273137
2422,763.21,0.273137
2423,763.67,0.272699
2424,763.76,0.272613
2425,763.91,0.272462
2426,763.96,0.272420
2427,764.00,0.272381
2428,764.01,0.272374
2429,764.01,0.272370
2430,764.07,0.272315
2431,764.07,0.272310
2432,764.09,0.272292
2433,764.11,0.272278
2434,764.09,0.272292
2435,764.09,0.272292
2436,764.09,0.272292
2437,764.09,0.272292
2438,764.09,0.272292
2439,764.19,0.272198
2440,763.84,0.272531
2441,763.56,0.272797
2442,763.56,0.272797
2443,763.42,0.272936
2444,762.93,0.273400
2445,761.82,0.274461
2446,761.07,0.275171
2447,760.58,0.275637
2448,760.50,0.275711
2449,760.47,0.275739
2450,760.33,0.275875
2451,760.03,0.276165
2452,758.32,0.277792
2453,756.31,0.279707
2456,746.60,0.288954
2457,746.41,0.289132
2458,746.31,0.289230
2463,505.35,0.518710
2464,505.35,0.518710
2465,505.35,0.518710
2468,505.35,0.518710
2473,734.81,0.300182
2474,741.59,0.293728
2475,742.01,0.293320
2476,742.39,0.292960
2485,742.39,0.292960
2486,742.39,0.292960
2487,742.84,0.292530
2488,743.31,0.292083
2489,743.31,0.292083
2490,743.31,0.292083
2491,743.31,0.292083
2492,491.55,0.531856
2493,483.77,0.539266
2494,476.16,0.546513
2495,476.16,0.546513
2496,476.16,0.546513
2497,476.16,0.546513
2500,752.18,0.283637
2501,752.25,0.283567
2502,752.62,0.283218
2503,752.81,0.283036
2504,752.86,0.282989
2505,752.97,0.282884
2506,753.03,0.282828
2507,753.03,0.282828
2508,753.04,0.282819
2511,753.89,0.282007
2512,754.32,0.281597
2513,754.75,0.281190
2514,755.29,0.280678
2515,755.99,0.280007
2516,756.57,0.279458
2518,762.90,0.273427
2519,766.06,0.270417
2520,766.96,0.269566
2521,767.86,0.268707
2525,772.49,0.264298
2526,777.51,0.259519
2527,780.57,0.256602
2528,780.71,0.256463
2529,781.15,0.256047
2530,781.24,0.255961
2531,781.27,0.255932
2532,781.27,0.255932
2533,781.27,0.255932
2534,781.37,0.255843
2535,781.71,0.255513
2536,782.37,0.254890
2537,783.78,0.253542
2538,784.63,0.252730
2539,785.07,0.252316
2540,785.08,0.252301
2541,785.19,0.252203
2542,785.79,0.251628
2543,786.37,0.251079
2544,786.79,0.250674
2545,787.63,0.249871
2546,789.06,0.248511
2547,791.01,0.246656
2548,792.24,0.245482
2549,796.42,0.241508
2550,799.32,0.238744
2551,799.32,0.238744
2552,799.32,0.238744
2553,800.30,0.237812
2555,801.46,0.236703
2556,804.04,0.234250
2558,807.99,0.230483
2559,808.81,0.229703
2560,809.66,0.228897
2561,810.73,0.227875
2562,811.45,0.227188
2563,811.45,0.227188
2564,811.54,0.227105
2565,812.11,0.226562
2567,812.13,0.226544
2568,812.13,0.226544
2569,812.17,0.226505
2570,812.17,0.226505
2571,812.28,0.226403
2572,812.52,0.226167
2573,812.56,0.226135
2574,812.70,0.225999
2575,812.72,0.225982
2576,812.93,0.225785
2577,813.04,0.225674
2578,813.38,0.225357
2579,813.97,0.224787
2580,814.49,0.224295
2581,814.83,0.223969
2582,815.37,0.223455
2583,816.37,0.222502
2584,817.68,0.221262
2585,818.50,0.220476
2586,818.74,0.220250
2587,820.03,0.219021
2588,821.28,0.217831
2590,824.10,0.215145
2591,824.98,0.214301
2592,824.98,0.214301
2594,824.98,0.214301
2595,826.26,0.213085
2596,826.38,0.212976
2597,827.84,0.211578
2598,828.62,0.210838
2599,830.75,0.208814
2600,831.72,0.207890
2601,832.93,0.206734
2604,834.28,0.205443
2605,834.28,0.205443
2606,834.28,0.205443
2607,834.28,0.205443
2608,835.59,0.204201
2609,836.20,0.203616
2618,842.13,0.197968
2619,842.32,0.197787
2621,842.35,0.197764
2622,842.74,0.197395
2623,842.85,0.197290
2624,842.95,0.197193
2627,845.99,0.194299
2628,846.09,0.194198
2629,846.16,0.194134
2630,846.16,0.194134
2631,846.16,0.194134
2632,846.28,0.194022
2633,846.48,0.193829
2636,847.28,0.193064
2637,847.99,0.192394
2638,848.32,0.192077
2639,848.71,0.191706
2640,849.48,0.190975
2641,849.62,0.190841
2642,850.05,0.190425
2643,850.21,0.190279
2644,851.19,0.189344
2645,851.63,0.188928
2646,852.95,0.187664
2647,853.07,0.187556
2649,854.20,0.186478
2650,854.20,0.186478
2651,854.64,0.186054
2652,854.97,0.185744
2653,854.97,0.185744
2654,854.64,0.186054
2655,854.57,0.186127
2656,854.57,0.186127
2657,854.57,0.186127
2658,854.57,0.186127
2660,854.57,0.186127
2661,854.11,0.186558
2662,852.93,0.187686
2663,852.93,0.187686
2664,858.78,0.182111
2665,859.20,0.181710
2666,859.20,0.181710
2667,859.32,0.181602
2668,859.32,0.181602
2669,859.32,0.181598
2670,859.42,0.181502
2671,859.60,0.181334
2672,861.42,0.179596
2673,861.89,0.179157
2674,862.16,0.178896
2675,863.32,0.177795
2676,863.47,0.177644
2677,863.48,0.177634
2678,863.54,0.177585
2679,863.63,0.177496
2680,863.91,0.177229
2681,864.57,0.176600
2682,864.57,0.176600
2683,864.57,0.176600
2684,864.57,0.176600
2687,862.64,0.178437
2688,862.21,0.178846
2689,862.04,0.179012
2690,861.86,0.179179
2691,861.86,0.179179
2692,861.86,0.179179
2693,861.86,0.179179
2694,861.98,0.179071
2702,863.17,0.177934
2703,863.67,0.177454
2704,864.06,0.177089
2705,864.06,0.177089
2706,864.06,0.177089
2707,864.06,0.177089
2710,863.01,0.178090
2714,863.01,0.178090
2715,863.01,0.178090
2716,863.01,0.178090
2717,863.01,0.178090
2718,863.01,0.178090
2719,862.50,0.178569
2722,863.80,0.177333
2723,863.80,0.177333
2724,863.80,0.177333
2725,865.04,0.176155
2726,865.75,0.175478
2735,866.21,0.175042
2736,866.21,0.175041
2737,866.21,0.175041
2738,866.21,0.175041
2739,866.21,0.175041
2740,866.21,0.175041
2741,866.21,0.175042
2744,866.56,0.174706
2745,866.56,0.174706
2748,866.56,0.174706
2749,866.56,0.174706
2750,866.76,0.174513
2751,867.59,0.173728
2752,868.26,0.173082
2753,868.48,0.172876
2754,868.54,0.172816
2755,869.32,0.172073
2756,870.03,0.171397
2757,870.65,0.170810
2758,870.76,0.170707
2759,870.89,0.170585
2760,870.89,0.170585
2762,870.89,0.170585
2763,870.89,0.170585
2764,870.13,0.171303
2765,869.98,0.171446
2768,869.98,0.171446
2769,869.98,0.171446
2770,869.98,0.171446
2771,870.27,0.171173
2772,870.82,0.170645
2773,872.40,0.169141
2774,872.44,0.169107
2775,872.44,0.169107
2776,872.44,0.169107
2777,872.44,0.169107
2778,872.44,0.169107
2779,872.44,0.169107
2780,872.44,0.169107
2781,873.43,0.168161
2782,874.79,0.166862
2783,874.79,0.166862
2784,874.79,0.166862
2785,874.80,0.166854
2786,875.13,0.166546
2787,874.87,0.166791
2788,874.87,0.166791
2789,874.87,0.166791
2790,875.05,0.166616
2791,875.20,0.166478
2792,875.20,0.166478
2793,875.20,0.166478
2794,875.45,0.166242
2795,875.74,0.165966
2796,876.26,0.165470
2797,876.26,0.165470
2798,876.47,0.165270
2799,876.81,0.164945
2800,876.81,0.164940
2801,876.81,0.164940
2802,876.90,0.164858
2803,877.08,0.164685
2804,877.40,0.164380
2805,877.40,0.164380
2806,877.40,0.164380
2807,877.40,0.164380
2812,877.24,0.164533
2813,877.15,0.164621
2818,870.90,0.170573
2819,868.01,0.173321
2820,870.27,0.171170
2821,870.90,0.170573
2822,870.90,0.170573
2823,870.90,0.170573
2824,873.38,0.168211
2825,873.48,0.168116
2826,873.48,0.168116
2827,873.48,0.168116
2828,873.48,0.168116
2829,873.48,0.168116
2830,873.48,0.168116
2831,873.48,0.168116
2832,872.91,0.168660
2833,872.91,0.168660
2834,872.91,0.168660
2835,869.96,0.171469
2836,869.96,0.171469
2837,869.96,0.171469
2838,869.96,0.171469
2839,875.88,0.165824
2840,876.09,0.165632
2841,876.50,0.165242
2842,876.50,0.165242
2843,876.50,0.165242
2844,876.09,0.165632
2848,876.09,0.165632
2849,876.50,0.165242
2850,874.30,0.167333
2851,870.28,0.171164
2852,870.28,0.171164
2855,870.42,0.171033
2856,870.42,0.171033
2857,870.42,0.171033
2858,870.42,0.171033
2859,873.23,0.168357
2860,873.66,0.167941
2861,875.27,0.166413
2862,878.76,0.163090
2863,878.76,0.163090
2864,878.76,0.163090
2865,878.76,0.163090
2866,877.12,0.164648
2867,871.69,0.169818
2868,870.93,0.170544
2869,870.22,0.171219
2870,869.28,0.172112
2871,866.61,0.174659
2872,866.05,0.175187
2874,507.51,0.516655
2875,506.38,0.517735
2876,431.18,0.589353
2878,415.93,0.603877
2879,415.93,0.603877
2880,415.93,0.603877
2881,415.93,0.603877
2884,880.56,0.161371
2885,880.57,0.161363
2886,880.62,0.161319
2887,880.67,0.161270
2888,880.78,0.161160
2889,881.02,0.160930
2890,881.21,0.160748
2891,881.42,0.160549
2892,881.42,0.160549
2893,881.42,0.160549
2894,881.47,0.160502
2895,881.47,0.160502
2896,881.44,0.160536
2897,881.44,0.160536
2898,881.39,0.160579
2899,881.39,0.160579
2900,881.39,0.160579
2901,881.20,0.160758
2902,880.99,0.160966
2903,880.86,0.161090
2904,880.81,0.161133
2905,880.81,0.161133
2906,880.80,0.161143
2907,880.50,0.161428
2908,880.50,0.161428
2911,880.50,0.161428
2912,881.28,0.160687
2913,881.29,0.160674
2914,881.51,0.160465
2915,881.51,0.160465
2916,881.51,0.160465
2917,881.51,0.160465
2918,881.23,0.160731
2920,881.03,0.160920
2921,881.00,0.160950
2922,880.99,0.160964
2923,880.99,0.160964
2924,880.97,0.160982
2925,880.99,0.160964
2928,881.00,0.160950
2931,881.11,0.160847
2932,881.11,0.160847
2933,881.11,0.160847
2934,880.92,0.161030
2937,172.27,0.835938
2938,169.47,0.838602
2939,155.94,0.851490
2940,153.54,0.853768
2941,153.52,0.853789
2942,151.58,0.855642
2943,151.58,0.855642
2944,151.58,0.855642
2946,142.31,0.864470
2947,141.49,0.865251
2948,141.49,0.865251
2951,141.49,0.865251
2952,141.49,0.865251
2954,333.71,0.682182
2955,333.71,0.682182
2956,333.71,0.682182
2957,333.71,0.682182
2958,139.35,0.867285
2959,139.09,0.867530
2960,138.03,0.868545
2962,98.86,0.905846
2963,97.17,0.907453
2965,97.17,0.907453
2966,97.10,0.907520
2967,97.10,0.907520
2968,97.10,0.907520
2969,97.17,0.907453
2970,97.95,0.906713
2971,98.06,0.906610
2974,639.99,0.390484
2975,639.99,0.390484
2976,639.99,0.390484
2977,639.99,0.390484
2978,622.97,0.406695
2979,607.84,0.421107
2980,598.51,0.429987
2981,587.74,0.440245
2982,575.31,0.452083
2983,565.87,0.461080
2985,547.22,0.478835
2986,536.18,0.489355
2987,528.02,0.497127
2988,520.75,0.504044
2989,515.49,0.509056
2990,505.97,0.518122
2992,489.60,0.533712
2993,484.26,0.538805
2994,477.53,0.545210
2995,475.51,0.547132
2997,455.34,0.566348
2998,452.48,0.569064
2999,447.25,0.574047
3000,441.04,0.579964
3001,435.73,0.585023
3002,430.29,0.590195
3003,420.66,0.599372
3004,415.00,0.604765
3005,411.78,0.607831
3006,405.97,0.613362
3007,398.21,0.620755
3008,395.24,0.623584
3009,388.89,0.629630
3010,381.99,0.636198
3011,376.48,0.641448
3012,374.07,0.643741
3013,368.09,0.649443
3014,362.95,0.654338
3015,358.39,0.658678
3016,353.22,0.663601
3017,346.32,0.670171
3018,340.33,0.675877
3019,336.30,0.679711
3020,333.17,0.682692
3021,329.47,0.686222
3022,324.13,0.691303
3023,320.08,0.695163
3024,316.58,0.698493
3025,311.61,0.703233
3026,304.05,0.710426
3027,300.88,0.713447
3028,299.74,0.714529
3029,294.79,0.719246
3030,289.79,0.724008
3031,285.74,0.727864
3032,282.60,0.730854
3033,280.00,0.733337
3034,277.55,0.735664
3036,264.37,0.748218
3037,261.44,0.751009
3038,259.06,0.753278
3039,253.86,0.758226
3040,250.46,0.761463
3041,247.12,0.764651
3042,243.20,0.768377
3043,240.64,0.770822
3044,236.58,0.774688
3045,230.92,0.780072
3046,227.62,0.783220
3047,223.07,0.787554
3048,220.11,0.790369
3049,216.47,0.793840
3050,214.18,0.796019
3051,211.26,0.798799
3052,207.19,0.802674
3053,203.00,0.806671
3057,188.44,0.820530
3058,184.75,0.824049
3059,182.34,0.826345
3060,179.84,0.828724
3061,176.03,0.832350
3062,176.03,0.832350
3064,176.03,0.832350
3065,173.86,0.834423
3066,166.23,0.841689
3067,163.87,0.843935
3068,151.39,0.855819
3069,148.55,0.858527
3070,145.64,0.861296
3071,142.96,0.863851
3072,142.32,0.864454
3074,127.49,0.878584
3075,125.24,0.880725
3076,125.24,0.880725
3077,125.24,0.880725
3078,125.24,0.880725
3079,331.30,0.684477
3080,331.30,0.684477
3081,331.30,0.684477
3082,331.30,0.684477
3087,293.06,0.720894
3088,290.97,0.722890
3089,95.85,0.908711
3090,95.85,0.908711
3091,95.94,0.908627
3092,290.97,0.722890
3093,293.06,0.720894
3094,653.26,0.377843
3095,653.26,0.377843
3096,653.26,0.377843
3099,653.26,0.377843
3100,641.86,0.388708
3101,628.15,0.401763
3102,610.43,0.418641
3103,597.30,0.431139
3104,584.21,0.443609
3105,573.10,0.454193
3106,562.74,0.464061
3107,554.37,0.472032
3108,545.06,0.480898
3109,535.38,0.490118
3110,527.14,0.497958
3111,518.53,0.506164
3112,513.33,0.511112
3113,502.63,0.521302
3114,493.31,0.530185
3115,487.55,0.535670
3116,483.20,0.539814
3117,475.79,0.546867
3118,470.06,0.552325
3119,463.77,0.558313
3120,456.56,0.565183
3121,450.96,0.570516
3122,442.28,0.578784
3123,436.25,0.584527
3124,433.58,0.587065
3125,424.36,0.595852
3126,416.75,0.603091
3127,414.55,0.605195
3128,409.13,0.610356
3129,402.55,0.616621
3130,397.19,0.621722
3131,393.30,0.625428
3132,385.72,0.632650
3133,378.74,0.639295
3134,375.63,0.642261
3135,372.14,0.645582
3136,367.11,0.650370
3137,360.98,0.656214
3138,356.49,0.660490
3139,353.81,0.663034
3140,347.60,0.668949
3141,341.05,0.675190
3142,336.48,0.679545
3143,333.37,0.682501
3144,329.74,0.685958
3145,324.68,0.690785
3146,320.84,0.694438
3147,318.32,0.696839
3148,311.65,0.703186
3149,308.32,0.706365
3150,301.80,0.712571
3151,296.75,0.717378
3152,294.15,0.719861
3153,289.44,0.724348
3154,286.57,0.727078
3155,280.37,0.732983
3156,277.09,0.736101
3158,176.44,0.831961
3159,176.44,0.831961
3160,176.44,0.831961
3162,176.44,0.831961
3163,185.47,0.823363
3164,195.84,0.813482
3165,198.92,0.810555
3166,200.85,0.808716
3167,200.85,0.808716
3168,200.85,0.808716
3169,200.17,0.809358
3170,200.17,0.809358
3171,200.85,0.808716
3172,200.17,0.809358
3173,179.18,0.829353
3174,179.06,0.829466
3175,178.74,0.829768
3176,178.54,0.829966
3177,178.54,0.829966
3178,178.54,0.829966
3179,178.74,0.829768
3181,185.18,0.823635
3182,185.38,0.823452
3183,185.38,0.823452
3184,185.38,0.823452
3185,185.60,0.823234
3186,186.56,0.822327
3187,186.56,0.822327
3188,219.25,0.791195
3189,219.92,0.790550
3190,219.92,0.790550
3191,220.10,0.790378
3192,220.10,0.790378
3193,220.10,0.790378
3195,344.85,0.671571
3196,371.40,0.646288
3197,371.40,0.646288
3198,371.40,0.646288
3199,371.40,0.646288
3200,371.11,0.646560
3201,371.11,0.646560
3202,371.11,0.646560
3203,371.11,0.646560
3204,373.81,0.643995
3205,375.23,0.642640
3206,375.23,0.642640
3207,375.29,0.642579
3208,381.63,0.636546
3209,381.73,0.636449
3212,384.00,0.634284
3213,385.13,0.633209
3214,811.42,0.227219
3215,812.19,0.226482
3227,835.43,0.204353
3228,835.61,0.204178
3235,836.52,0.203316
3236,836.79,0.203054
3280,996.65,0.050811
3281,996.65,0.050811
3282,996.65,0.050811
3283,996.65,0.050811
3297,777.88,0.259160
3298,774.63,0.262257
3306,770.86,0.265851
3307,770.73,0.265967
3308,770.73,0.265967
3309,770.73,0.265967
3310,733.92,0.301031
3311,733.92,0.301031
3312,733.92,0.301031
3313,733.92,0.301031
3314,734.03,0.300922
3315,738.31,0.296844
3316,738.31,0.296844
3317,738.31,0.296844
3318,738.31,0.296844
3319,735.91,0.299137
3320,734.66,0.300322
3321,734.58,0.300401
3322,733.61,0.301321
3323,733.61,0.301321
3324,733.61,0.301321
3325,733.04,0.301863
3326,732.32,0.302553
3327,732.32,0.302553
3328,712.88,0.321066
3329,712.02,0.321881
3330,710.23,0.323588
3331,691.68,0.341253
3332,691.68,0.341253
3333,691.68,0.341253
3334,691.68,0.341253
3337,699.75,0.333571
3338,737.00,0.298096
3339,737.94,0.297196
3340,830.85,0.208710
3341,831.21,0.208371
3342,831.66,0.207941
3343,831.66,0.207941
3344,831.65,0.207956
3345,831.21,0.208371
3347,830.85,0.208710
3348,830.18,0.209353
3349,830.18,0.209353
3350,830.18,0.209353
3351,831.65,0.207956
3354,851.97,0.188604
3355,851.97,0.188604
3356,851.97,0.188604
3357,851.97,0.188604
3358,838.69,0.201250
3359,838.63,0.201305
3360,836.93,0.202925
3361,822.71,0.216463
3362,146.26,0.860706
3363,142.11,0.864660
3364,138.50,0.868091
3367,127.76,0.878321
3368,127.76,0.878321
3369,127.76,0.878321
3370,127.76,0.878321
3371,324.69,0.690768
3372,324.69,0.690768
3376,324.69,0.690768
3377,324.69,0.690768
3383,294.90,0.719144
3384,292.09,0.721818
3385,289.28,0.724495
3386,285.98,0.727641
3387,277.14,0.736055
3388,274.05,0.738997
3390,267.26,0.745468
3391,263.56,0.748991
3392,255.18,0.756974
3393,251.36,0.760609
3394,251.36,0.760609
3395,251.36,0.760609
3397,251.36,0.760609
3400,589.51,0.438560
3401,589.51,0.438560
3402,589.51,0.438560
3403,589.51,0.438560
3404,572.86,0.454417
3406,551.35,0.474908
3407,538.86,0.486796
3408,528.07,0.497077
3409,521.37,0.503455
3410,511.48,0.512875
3411,501.76,0.522130
3412,489.37,0.533934
3413,484.28,0.538784
3414,477.32,0.545409
3416,462.35,0.559669
3417,456.31,0.565419
3418,450.78,0.570690
3419,444.14,0.577013
3420,438.14,0.582723
3421,433.55,0.587095
3422,425.84,0.594436
3423,418.68,0.601260
3424,414.04,0.605672
3425,406.59,0.612768
3426,399.90,0.619141
3427,394.97,0.623842
3428,390.23,0.628350
3429,383.79,0.634487
3430,376.54,0.641392
3431,373.62,0.644175
3432,367.45,0.650048
3433,362.01,0.655230
3434,356.64,0.660342
3435,350.95,0.665766
3436,345.13,0.671306
3437,339.75,0.676430
3438,336.88,0.679161
3439,330.44,0.685297
3440,323.76,0.691655
3441,320.29,0.694960
3442,317.80,0.697333
3443,314.47,0.700501
3445,314.43,0.700543
3447,314.39,0.700584
3449,313.67,0.701267
